,Name,ID,Creator,Verifier
1,Lament,114988101,tenkuyuhh,tenkuyuhh
2,BlUDUFObath,114965788,rush,rush
3,Fever,114963741,tenkuyuhh,tenkuyuhh
4,Suffer,111863467,tenkuyuhh,tenkuyuhh
5,agony,114960048,tenkuyuhh,tenkuyuhh
6,mangoa,114952534,tenkuyuhh,tenkuyuhh
7,vsc but ufo,114984854,CoinvesselGD,tenkuyuhh
8,Mycat sigma boy chal,114984412,tenkuyuhh,tenkuyuhh
9,spam challenge 1,114952847,tenkuyuhh,tenkuyuhh
10,average udufopcl level,114935113,MyCat223,MyCat223
11,TOOMDUDUFOIGDPCLBM,114955327,Codex,Codex
12,le funky ufo level,114952921,ItsNoobe,ItsNoobe